{"accuracy": 0.8571428656578064, "val_accuracy": 0.8153846263885498, "loss": 0.3363291621208191, "val_loss": 0.4199813902378082}